{
  "project_info": {
    "project_number": "236083925743",
    "firebase_url": "https://tasiot-71160003.firebaseio.com",
    "project_id": "tasiot-71160003",
    "storage_bucket": "tasiot-71160003.appspot.com"
  },
  "client": [
    {
      "client_info": {
        "mobilesdk_app_id": "1:236083925743:android:9a828b8efb419ac57d811a",
        "android_client_info": {
          "package_name": "com.wicak.tasiot71160003"
        }
      },
      "oauth_client": [
        {
          "client_id": "236083925743-95ptfu817miir7lp0lg88pm0sdju7q1f.apps.googleusercontent.com",
          "client_type": 1,
          "android_info": {
            "package_name": "com.wicak.tasiot71160003",
            "certificate_hash": "3039ee3f8aa5ec566e1d7cc0a3b2bb9d7f0cff3c"
          }
        },
        {
          "client_id": "236083925743-dkj11rmqqvet7gstatge724m12tf07vo.apps.googleusercontent.com",
          "client_type": 3
        }
      ],
      "api_key": [
        {
          "current_key": "AIzaSyCkylAf0nRsOBw4KhrUu_BX65oyxsc1WQY"
        }
      ],
      "services": {
        "appinvite_service": {
          "other_platform_oauth_client": [
            {
              "client_id": "236083925743-dkj11rmqqvet7gstatge724m12tf07vo.apps.googleusercontent.com",
              "client_type": 3
            }
          ]
        }
      }
    }
  ],
  "configuration_version": "1"
}